UTC Time,Local Time (Sensor),countlineId,countlineName,direction,Car,Pedestrian,Cyclist,Motorbike,Bus,OGV1,OGV2,LGV,,cars
26/07/2021 00:00,26/07/2021 01:00,23743,L16_ApeldoornDr_road_and_paths_s144,in,35,19,0,9,0,1,0,5,,in
26/07/2021 00:00,26/07/2021 01:00,23743,L16_ApeldoornDr_road_and_paths_s144,out,19,18,4,11,0,2,0,9,,
27/07/2021 00:00,27/07/2021 01:00,23743,L16_ApeldoornDr_road_and_paths_s144,in,64,14,3,4,0,0,0,4,,in
27/07/2021 00:00,27/07/2021 01:00,23743,L16_ApeldoornDr_road_and_paths_s144,out,30,16,1,3,0,0,0,5,,
28/07/2021 00:00,28/07/2021 01:00,23743,L16_ApeldoornDr_road_and_paths_s144,in,45,10,0,2,0,0,0,9,,in
28/07/2021 00:00,28/07/2021 01:00,23743,L16_ApeldoornDr_road_and_paths_s144,out,32,12,1,1,0,1,0,6,,
29/07/2021 00:00,29/07/2021 01:00,23743,L16_ApeldoornDr_road_and_paths_s144,in,84,18,3,4,0,0,1,11,,in
29/07/2021 00:00,29/07/2021 01:00,23743,L16_ApeldoornDr_road_and_paths_s144,out,30,22,2,3,0,0,0,5,,
30/07/2021 00:00,30/07/2021 01:00,23743,L16_ApeldoornDr_road_and_paths_s144,in,82,17,3,2,0,2,1,6,,in
30/07/2021 00:00,30/07/2021 01:00,23743,L16_ApeldoornDr_road_and_paths_s144,out,37,41,2,1,0,1,0,11,,
31/07/2021 00:00,31/07/2021 01:00,23743,L16_ApeldoornDr_road_and_paths_s144,in,39,20,1,2,0,0,1,3,,in
31/07/2021 00:00,31/07/2021 01:00,23743,L16_ApeldoornDr_road_and_paths_s144,out,36,29,1,2,0,0,0,4,,
01/08/2021 00:00,01/08/2021 01:00,23743,L16_ApeldoornDr_road_and_paths_s144,in,27,17,0,2,0,0,0,10,,out
01/08/2021 00:00,01/08/2021 01:00,23743,L16_ApeldoornDr_road_and_paths_s144,out,28,21,2,1,0,0,0,9,,
02/08/2021 00:00,02/08/2021 01:00,23743,L16_ApeldoornDr_road_and_paths_s144,in,30,14,1,2,0,2,0,7,,in
02/08/2021 00:00,02/08/2021 01:00,23743,L16_ApeldoornDr_road_and_paths_s144,out,24,37,0,1,0,2,0,5,,
03/08/2021 00:00,03/08/2021 01:00,23743,L16_ApeldoornDr_road_and_paths_s144,in,36,16,0,1,0,0,0,2,,in
03/08/2021 00:00,03/08/2021 01:00,23743,L16_ApeldoornDr_road_and_paths_s144,out,20,20,0,1,0,0,0,3,,
04/08/2021 00:00,04/08/2021 01:00,23743,L16_ApeldoornDr_road_and_paths_s144,in,24,15,0,11,0,0,0,6,,in
04/08/2021 00:00,04/08/2021 01:00,23743,L16_ApeldoornDr_road_and_paths_s144,out,22,21,1,7,0,1,0,7,,
05/08/2021 00:00,05/08/2021 01:00,23743,L16_ApeldoornDr_road_and_paths_s144,in,26,22,0,2,0,0,0,5,,in
05/08/2021 00:00,05/08/2021 01:00,23743,L16_ApeldoornDr_road_and_paths_s144,out,21,18,0,2,0,0,0,6,,
06/08/2021 00:00,06/08/2021 01:00,23743,L16_ApeldoornDr_road_and_paths_s144,in,59,26,5,1,0,1,0,4,,in
06/08/2021 00:00,06/08/2021 01:00,23743,L16_ApeldoornDr_road_and_paths_s144,out,26,31,3,0,0,1,0,5,,
07/08/2021 00:00,07/08/2021 01:00,23743,L16_ApeldoornDr_road_and_paths_s144,in,65,37,3,3,0,1,0,4,,in
07/08/2021 00:00,07/08/2021 01:00,23743,L16_ApeldoornDr_road_and_paths_s144,out,26,25,0,2,0,1,0,7,,
08/08/2021 00:00,08/08/2021 01:00,23743,L16_ApeldoornDr_road_and_paths_s144,in,28,30,2,4,0,0,0,7,,in
08/08/2021 00:00,08/08/2021 01:00,23743,L16_ApeldoornDr_road_and_paths_s144,out,25,34,0,2,0,1,0,7,,
09/08/2021 00:00,09/08/2021 01:00,23743,L16_ApeldoornDr_road_and_paths_s144,in,61,31,7,6,0,1,0,7,,in
09/08/2021 00:00,09/08/2021 01:00,23743,L16_ApeldoornDr_road_and_paths_s144,out,24,41,4,2,0,0,0,8,,
10/08/2021 00:00,10/08/2021 01:00,23743,L16_ApeldoornDr_road_and_paths_s144,in,46,32,1,1,1,0,0,6,,in
10/08/2021 00:00,10/08/2021 01:00,23743,L16_ApeldoornDr_road_and_paths_s144,out,23,46,1,1,0,0,1,9,,
11/08/2021 00:00,11/08/2021 01:00,23743,L16_ApeldoornDr_road_and_paths_s144,in,36,33,2,3,0,0,0,7,,in
11/08/2021 00:00,11/08/2021 01:00,23743,L16_ApeldoornDr_road_and_paths_s144,out,20,38,3,1,0,0,0,6,,
12/08/2021 00:00,12/08/2021 01:00,23743,L16_ApeldoornDr_road_and_paths_s144,in,77,18,4,4,0,1,0,7,,in
12/08/2021 00:00,12/08/2021 01:00,23743,L16_ApeldoornDr_road_and_paths_s144,out,27,46,1,4,0,0,0,10,,
13/08/2021 00:00,13/08/2021 01:00,23743,L16_ApeldoornDr_road_and_paths_s144,in,99,27,8,2,0,0,0,10,,in
13/08/2021 00:00,13/08/2021 01:00,23743,L16_ApeldoornDr_road_and_paths_s144,out,22,32,1,1,0,0,0,13,,
14/08/2021 00:00,14/08/2021 01:00,23743,L16_ApeldoornDr_road_and_paths_s144,in,78,28,4,4,0,0,0,3,,in
14/08/2021 00:00,14/08/2021 01:00,23743,L16_ApeldoornDr_road_and_paths_s144,out,42,35,2,3,0,0,0,8,,
15/08/2021 00:00,15/08/2021 01:00,23743,L16_ApeldoornDr_road_and_paths_s144,in,99,37,6,3,0,0,0,6,,in
15/08/2021 00:00,15/08/2021 01:00,23743,L16_ApeldoornDr_road_and_paths_s144,out,26,44,3,3,0,0,0,6,,
16/08/2021 00:00,16/08/2021 01:00,23743,L16_ApeldoornDr_road_and_paths_s144,in,31,23,0,2,1,7,0,5,,in
16/08/2021 00:00,16/08/2021 01:00,23743,L16_ApeldoornDr_road_and_paths_s144,out,25,24,1,1,0,2,1,5,,
17/08/2021 00:00,17/08/2021 01:00,23743,L16_ApeldoornDr_road_and_paths_s144,in,27,30,3,4,0,1,0,8,,in
17/08/2021 00:00,17/08/2021 01:00,23743,L16_ApeldoornDr_road_and_paths_s144,out,24,43,2,8,0,1,0,8,,
18/08/2021 00:00,18/08/2021 01:00,23743,L16_ApeldoornDr_road_and_paths_s144,in,33,14,1,1,0,0,0,5,,in
18/08/2021 00:00,18/08/2021 01:00,23743,L16_ApeldoornDr_road_and_paths_s144,out,21,21,1,1,0,0,0,4,,
19/08/2021 00:00,19/08/2021 01:00,23743,L16_ApeldoornDr_road_and_paths_s144,in,35,18,1,1,0,0,0,5,,in
19/08/2021 00:00,19/08/2021 01:00,23743,L16_ApeldoornDr_road_and_paths_s144,out,31,25,0,1,0,0,0,6,,
20/08/2021 00:00,20/08/2021 01:00,23743,L16_ApeldoornDr_road_and_paths_s144,in,33,16,1,3,0,0,0,8,,in
20/08/2021 00:00,20/08/2021 01:00,23743,L16_ApeldoornDr_road_and_paths_s144,out,32,25,0,3,0,0,0,8,,
21/08/2021 00:00,21/08/2021 01:00,23743,L16_ApeldoornDr_road_and_paths_s144,in,34,20,2,2,0,0,0,8,,in
21/08/2021 00:00,21/08/2021 01:00,23743,L16_ApeldoornDr_road_and_paths_s144,out,31,25,2,6,0,0,0,6,,
22/08/2021 00:00,22/08/2021 01:00,23743,L16_ApeldoornDr_road_and_paths_s144,in,65,13,2,3,0,1,0,6,,in
22/08/2021 00:00,22/08/2021 01:00,23743,L16_ApeldoornDr_road_and_paths_s144,out,25,15,2,0,0,0,0,4,,
23/08/2021 00:00,23/08/2021 01:00,23743,L16_ApeldoornDr_road_and_paths_s144,in,46,17,9,1,0,1,0,5,,in
23/08/2021 00:00,23/08/2021 01:00,23743,L16_ApeldoornDr_road_and_paths_s144,out,20,43,2,2,0,0,0,6,,
24/08/2021 00:00,24/08/2021 01:00,23743,L16_ApeldoornDr_road_and_paths_s144,in,25,18,7,3,0,0,0,6,,in
24/08/2021 00:00,24/08/2021 01:00,23743,L16_ApeldoornDr_road_and_paths_s144,out,22,21,2,2,0,0,0,9,,
25/08/2021 00:00,25/08/2021 01:00,23743,L16_ApeldoornDr_road_and_paths_s144,in,53,9,6,2,0,0,0,9,,in
25/08/2021 00:00,25/08/2021 01:00,23743,L16_ApeldoornDr_road_and_paths_s144,out,31,14,0,3,0,0,0,6,,
26/08/2021 00:00,26/08/2021 01:00,23743,L16_ApeldoornDr_road_and_paths_s144,in,35,12,1,1,0,0,0,6,,in
26/08/2021 00:00,26/08/2021 01:00,23743,L16_ApeldoornDr_road_and_paths_s144,out,30,25,1,1,0,0,0,5,,
27/08/2021 00:00,27/08/2021 01:00,23743,L16_ApeldoornDr_road_and_paths_s144,in,117,15,1,2,0,0,0,10,,in
27/08/2021 00:00,27/08/2021 01:00,23743,L16_ApeldoornDr_road_and_paths_s144,out,26,24,4,4,0,0,0,7,,
28/08/2021 00:00,28/08/2021 01:00,23743,L16_ApeldoornDr_road_and_paths_s144,in,73,17,0,2,0,0,0,2,,in
28/08/2021 00:00,28/08/2021 01:00,23743,L16_ApeldoornDr_road_and_paths_s144,out,33,21,1,3,0,1,0,3,,
29/08/2021 00:00,29/08/2021 01:00,23743,L16_ApeldoornDr_road_and_paths_s144,in,114,34,2,3,0,3,1,8,,in
29/08/2021 00:00,29/08/2021 01:00,23743,L16_ApeldoornDr_road_and_paths_s144,out,37,37,1,6,0,1,0,5,,
30/08/2021 00:00,30/08/2021 01:00,23743,L16_ApeldoornDr_road_and_paths_s144,in,38,20,3,2,0,2,0,6,,in
30/08/2021 00:00,30/08/2021 01:00,23743,L16_ApeldoornDr_road_and_paths_s144,out,24,39,7,8,0,2,1,8,,
31/08/2021 00:00,31/08/2021 01:00,23743,L16_ApeldoornDr_road_and_paths_s144,in,40,19,2,4,0,0,0,9,,in
31/08/2021 00:00,31/08/2021 01:00,23743,L16_ApeldoornDr_road_and_paths_s144,out,31,25,1,1,0,1,0,10,,
01/09/2021 00:00,01/09/2021 01:00,23743,L16_ApeldoornDr_road_and_paths_s144,in,27,10,1,1,0,0,0,12,,out
01/09/2021 00:00,01/09/2021 01:00,23743,L16_ApeldoornDr_road_and_paths_s144,out,29,17,4,1,0,0,0,10,,
02/09/2021 00:00,02/09/2021 01:00,23743,L16_ApeldoornDr_road_and_paths_s144,in,30,13,2,1,1,0,0,6,,in
02/09/2021 00:00,02/09/2021 01:00,23743,L16_ApeldoornDr_road_and_paths_s144,out,26,17,1,0,0,0,0,9,,
03/09/2021 00:00,03/09/2021 01:00,23743,L16_ApeldoornDr_road_and_paths_s144,in,47,19,1,2,1,0,6,11,,in
03/09/2021 00:00,03/09/2021 01:00,23743,L16_ApeldoornDr_road_and_paths_s144,out,28,18,1,1,0,1,0,7,,
04/09/2021 00:00,04/09/2021 01:00,23743,L16_ApeldoornDr_road_and_paths_s144,in,69,16,2,5,1,1,6,31,,in
04/09/2021 00:00,04/09/2021 01:00,23743,L16_ApeldoornDr_road_and_paths_s144,out,36,33,2,2,0,0,0,6,,
05/09/2021 00:00,05/09/2021 01:00,23743,L16_ApeldoornDr_road_and_paths_s144,in,76,26,3,2,0,0,6,20,,in
05/09/2021 00:00,05/09/2021 01:00,23743,L16_ApeldoornDr_road_and_paths_s144,out,40,33,2,1,0,0,0,7,,
06/09/2021 00:00,06/09/2021 01:00,23743,L16_ApeldoornDr_road_and_paths_s144,in,34,30,0,3,0,1,0,4,,out
06/09/2021 00:00,06/09/2021 01:00,23743,L16_ApeldoornDr_road_and_paths_s144,out,34,35,1,2,1,0,0,7,,
07/09/2021 00:00,07/09/2021 01:00,23743,L16_ApeldoornDr_road_and_paths_s144,in,38,17,1,2,0,0,0,2,,in
07/09/2021 00:00,07/09/2021 01:00,23743,L16_ApeldoornDr_road_and_paths_s144,out,30,21,1,1,0,0,0,2,,
08/09/2021 00:00,08/09/2021 01:00,23743,L16_ApeldoornDr_road_and_paths_s144,in,40,14,2,0,0,0,0,6,,in
08/09/2021 00:00,08/09/2021 01:00,23743,L16_ApeldoornDr_road_and_paths_s144,out,21,20,0,0,0,0,0,8,,
09/09/2021 00:00,09/09/2021 01:00,23743,L16_ApeldoornDr_road_and_paths_s144,in,31,15,1,2,0,1,0,3,,in
09/09/2021 00:00,09/09/2021 01:00,23743,L16_ApeldoornDr_road_and_paths_s144,out,22,20,1,1,0,0,0,4,,
10/09/2021 00:00,10/09/2021 01:00,23743,L16_ApeldoornDr_road_and_paths_s144,in,36,50,3,3,0,0,0,8,,in
10/09/2021 00:00,10/09/2021 01:00,23743,L16_ApeldoornDr_road_and_paths_s144,out,35,62,4,1,1,0,0,12,,
11/09/2021 00:00,11/09/2021 01:00,23743,L16_ApeldoornDr_road_and_paths_s144,in,56,22,3,5,0,0,0,5,,in
11/09/2021 00:00,11/09/2021 01:00,23743,L16_ApeldoornDr_road_and_paths_s144,out,38,23,2,3,0,0,0,4,,
12/09/2021 00:00,12/09/2021 01:00,23743,L16_ApeldoornDr_road_and_paths_s144,in,148,40,4,4,0,0,2,7,,in
12/09/2021 00:00,12/09/2021 01:00,23743,L16_ApeldoornDr_road_and_paths_s144,out,24,35,2,13,0,0,0,5,,
13/09/2021 00:00,13/09/2021 01:00,23743,L16_ApeldoornDr_road_and_paths_s144,in,37,19,2,2,0,1,0,10,,in
13/09/2021 00:00,13/09/2021 01:00,23743,L16_ApeldoornDr_road_and_paths_s144,out,25,36,7,6,0,1,0,11,,
14/09/2021 00:00,14/09/2021 01:00,23743,L16_ApeldoornDr_road_and_paths_s144,in,38,16,0,1,0,0,0,19,,in
14/09/2021 00:00,14/09/2021 01:00,23743,L16_ApeldoornDr_road_and_paths_s144,out,33,25,1,1,0,1,0,5,,
15/09/2021 00:00,15/09/2021 01:00,23743,L16_ApeldoornDr_road_and_paths_s144,in,41,22,1,2,0,1,0,10,,in
15/09/2021 00:00,15/09/2021 01:00,23743,L16_ApeldoornDr_road_and_paths_s144,out,28,24,1,2,0,1,0,5,,
16/09/2021 00:00,16/09/2021 01:00,23743,L16_ApeldoornDr_road_and_paths_s144,in,65,15,2,2,0,0,0,23,,in
16/09/2021 00:00,16/09/2021 01:00,23743,L16_ApeldoornDr_road_and_paths_s144,out,26,16,1,2,0,0,0,6,,
17/09/2021 00:00,17/09/2021 01:00,23743,L16_ApeldoornDr_road_and_paths_s144,in,40,22,3,3,0,0,0,4,,in
17/09/2021 00:00,17/09/2021 01:00,23743,L16_ApeldoornDr_road_and_paths_s144,out,36,26,0,4,0,0,0,6,,
18/09/2021 00:00,18/09/2021 01:00,23743,L16_ApeldoornDr_road_and_paths_s144,in,71,39,7,1,0,0,1,5,,in
18/09/2021 00:00,18/09/2021 01:00,23743,L16_ApeldoornDr_road_and_paths_s144,out,38,49,1,2,0,0,0,7,,
19/09/2021 00:00,19/09/2021 01:00,23743,L16_ApeldoornDr_road_and_paths_s144,in,79,18,3,2,0,0,0,20,,in
19/09/2021 00:00,19/09/2021 01:00,23743,L16_ApeldoornDr_road_and_paths_s144,out,31,20,0,2,0,0,0,8,,
20/09/2021 00:00,20/09/2021 01:00,23743,L16_ApeldoornDr_road_and_paths_s144,in,82,22,0,2,0,1,0,4,,in
20/09/2021 00:00,20/09/2021 01:00,23743,L16_ApeldoornDr_road_and_paths_s144,out,25,27,0,4,0,1,0,6,,
21/09/2021 00:00,21/09/2021 01:00,23743,L16_ApeldoornDr_road_and_paths_s144,in,47,24,3,2,0,0,0,8,,in
21/09/2021 00:00,21/09/2021 01:00,23743,L16_ApeldoornDr_road_and_paths_s144,out,31,36,4,3,0,0,0,9,,
22/09/2021 00:00,22/09/2021 01:00,23743,L16_ApeldoornDr_road_and_paths_s144,in,33,13,3,0,0,0,0,9,,out
22/09/2021 00:00,22/09/2021 01:00,23743,L16_ApeldoornDr_road_and_paths_s144,out,35,19,2,0,0,0,0,10,,
23/09/2021 00:00,23/09/2021 01:00,23743,L16_ApeldoornDr_road_and_paths_s144,in,29,14,2,2,0,0,0,6,,in
23/09/2021 00:00,23/09/2021 01:00,23743,L16_ApeldoornDr_road_and_paths_s144,out,26,21,0,2,0,0,0,8,,
24/09/2021 00:00,24/09/2021 01:00,23743,L16_ApeldoornDr_road_and_paths_s144,in,34,17,1,2,1,0,0,9,,in
24/09/2021 00:00,24/09/2021 01:00,23743,L16_ApeldoornDr_road_and_paths_s144,out,25,18,2,0,0,0,0,11,,
25/09/2021 00:00,25/09/2021 01:00,23743,L16_ApeldoornDr_road_and_paths_s144,in,55,22,0,2,0,0,0,7,,in
25/09/2021 00:00,25/09/2021 01:00,23743,L16_ApeldoornDr_road_and_paths_s144,out,28,28,0,1,0,0,0,7,,
26/09/2021 00:00,26/09/2021 01:00,23743,L16_ApeldoornDr_road_and_paths_s144,in,55,19,1,4,0,0,1,8,,in
26/09/2021 00:00,26/09/2021 01:00,23743,L16_ApeldoornDr_road_and_paths_s144,out,19,23,2,1,0,0,0,10,,
27/09/2021 00:00,27/09/2021 01:00,23743,L16_ApeldoornDr_road_and_paths_s144,in,30,16,2,1,0,2,0,6,,in
27/09/2021 00:00,27/09/2021 01:00,23743,L16_ApeldoornDr_road_and_paths_s144,out,25,18,2,1,1,0,0,8,,
28/09/2021 00:00,28/09/2021 01:00,23743,L16_ApeldoornDr_road_and_paths_s144,in,33,19,0,0,0,1,0,4,,in
28/09/2021 00:00,28/09/2021 01:00,23743,L16_ApeldoornDr_road_and_paths_s144,out,24,18,0,0,0,0,0,5,,
29/09/2021 00:00,29/09/2021 01:00,23743,L16_ApeldoornDr_road_and_paths_s144,in,37,14,3,1,0,1,0,6,,in
29/09/2021 00:00,29/09/2021 01:00,23743,L16_ApeldoornDr_road_and_paths_s144,out,35,14,0,3,0,1,0,9,,
30/09/2021 00:00,30/09/2021 01:00,23743,L16_ApeldoornDr_road_and_paths_s144,in,34,20,0,2,0,0,0,14,,in
30/09/2021 00:00,30/09/2021 01:00,23743,L16_ApeldoornDr_road_and_paths_s144,out,29,22,0,0,0,1,0,18,,
01/10/2021 00:00,01/10/2021 01:00,23743,L16_ApeldoornDr_road_and_paths_s144,in,61,26,1,1,0,0,0,18,,in
01/10/2021 00:00,01/10/2021 01:00,23743,L16_ApeldoornDr_road_and_paths_s144,out,25,38,1,1,0,0,0,8,,
02/10/2021 00:00,02/10/2021 01:00,23743,L16_ApeldoornDr_road_and_paths_s144,in,52,9,1,1,3,0,0,12,,in
02/10/2021 00:00,02/10/2021 01:00,23743,L16_ApeldoornDr_road_and_paths_s144,out,26,17,1,1,0,0,0,5,,
03/10/2021 00:00,03/10/2021 01:00,23743,L16_ApeldoornDr_road_and_paths_s144,in,62,27,0,3,3,0,0,4,,in
03/10/2021 00:00,03/10/2021 01:00,23743,L16_ApeldoornDr_road_and_paths_s144,out,29,23,3,0,0,0,0,2,,
04/10/2021 00:00,04/10/2021 01:00,23743,L16_ApeldoornDr_road_and_paths_s144,in,41,20,6,1,0,1,1,8,,in
04/10/2021 00:00,04/10/2021 01:00,23743,L16_ApeldoornDr_road_and_paths_s144,out,25,27,1,5,0,1,0,8,,
05/10/2021 00:00,05/10/2021 01:00,23743,L16_ApeldoornDr_road_and_paths_s144,in,20,13,2,1,0,1,0,9,,out
05/10/2021 00:00,05/10/2021 01:00,23743,L16_ApeldoornDr_road_and_paths_s144,out,22,21,2,1,0,0,0,13,,
06/10/2021 00:00,06/10/2021 01:00,23743,L16_ApeldoornDr_road_and_paths_s144,in,43,15,1,2,0,0,1,5,,in
06/10/2021 00:00,06/10/2021 01:00,23743,L16_ApeldoornDr_road_and_paths_s144,out,32,11,3,4,0,0,0,8,,
07/10/2021 00:00,07/10/2021 01:00,23743,L16_ApeldoornDr_road_and_paths_s144,in,25,9,0,1,0,0,0,4,,out
07/10/2021 00:00,07/10/2021 01:00,23743,L16_ApeldoornDr_road_and_paths_s144,out,28,12,1,2,0,0,0,2,,
08/10/2021 00:00,08/10/2021 01:00,23743,L16_ApeldoornDr_road_and_paths_s144,in,31,18,3,2,0,1,0,11,,in
08/10/2021 00:00,08/10/2021 01:00,23743,L16_ApeldoornDr_road_and_paths_s144,out,21,16,3,4,0,2,0,8,,
09/10/2021 00:00,09/10/2021 01:00,23743,L16_ApeldoornDr_road_and_paths_s144,in,6,3,0,1,0,0,0,0,,in
09/10/2021 00:00,09/10/2021 01:00,23743,L16_ApeldoornDr_road_and_paths_s144,out,2,2,0,0,0,0,0,1,,
10/10/2021 00:00,10/10/2021 01:00,23743,L16_ApeldoornDr_road_and_paths_s144,in,32,21,2,1,0,0,0,8,,in
10/10/2021 00:00,10/10/2021 01:00,23743,L16_ApeldoornDr_road_and_paths_s144,out,28,21,2,2,0,0,0,26,,
11/10/2021 00:00,11/10/2021 01:00,23743,L16_ApeldoornDr_road_and_paths_s144,in,25,24,3,2,0,2,0,8,,out
11/10/2021 00:00,11/10/2021 01:00,23743,L16_ApeldoornDr_road_and_paths_s144,out,27,21,4,1,0,2,0,12,,
12/10/2021 00:00,12/10/2021 01:00,23743,L16_ApeldoornDr_road_and_paths_s144,in,34,11,2,2,0,0,0,5,,in
12/10/2021 00:00,12/10/2021 01:00,23743,L16_ApeldoornDr_road_and_paths_s144,out,29,21,0,1,0,1,0,8,,
13/10/2021 00:00,13/10/2021 01:00,23743,L16_ApeldoornDr_road_and_paths_s144,in,27,10,3,1,0,0,0,4,,in
13/10/2021 00:00,13/10/2021 01:00,23743,L16_ApeldoornDr_road_and_paths_s144,out,21,20,2,1,0,0,0,6,,
14/10/2021 00:00,14/10/2021 01:00,23743,L16_ApeldoornDr_road_and_paths_s144,in,35,21,1,1,0,0,0,7,,in
14/10/2021 00:00,14/10/2021 01:00,23743,L16_ApeldoornDr_road_and_paths_s144,out,22,20,4,1,0,0,0,9,,
15/10/2021 00:00,15/10/2021 01:00,23743,L16_ApeldoornDr_road_and_paths_s144,in,34,18,0,6,0,0,0,5,,in
15/10/2021 00:00,15/10/2021 01:00,23743,L16_ApeldoornDr_road_and_paths_s144,out,27,21,1,4,0,0,0,10,,
16/10/2021 00:00,16/10/2021 01:00,23743,L16_ApeldoornDr_road_and_paths_s144,in,33,18,1,4,0,0,0,6,,out
16/10/2021 00:00,16/10/2021 01:00,23743,L16_ApeldoornDr_road_and_paths_s144,out,36,17,4,3,0,1,0,8,,
17/10/2021 00:00,17/10/2021 01:00,23743,L16_ApeldoornDr_road_and_paths_s144,in,41,21,0,1,0,0,0,4,,in
17/10/2021 00:00,17/10/2021 01:00,23743,L16_ApeldoornDr_road_and_paths_s144,out,27,22,1,1,0,0,0,5,,
18/10/2021 00:00,18/10/2021 01:00,23743,L16_ApeldoornDr_road_and_paths_s144,in,44,14,0,1,0,3,0,10,,in
18/10/2021 00:00,18/10/2021 01:00,23743,L16_ApeldoornDr_road_and_paths_s144,out,28,32,0,1,0,1,0,10,,
19/10/2021 00:00,19/10/2021 01:00,23743,L16_ApeldoornDr_road_and_paths_s144,in,71,15,0,4,0,0,0,8,,in
19/10/2021 00:00,19/10/2021 01:00,23743,L16_ApeldoornDr_road_and_paths_s144,out,22,25,0,0,0,0,0,10,,
20/10/2021 00:00,20/10/2021 01:00,23743,L16_ApeldoornDr_road_and_paths_s144,in,54,15,0,1,0,2,0,3,,in
20/10/2021 00:00,20/10/2021 01:00,23743,L16_ApeldoornDr_road_and_paths_s144,out,28,23,1,1,0,0,1,9,,
21/10/2021 00:00,21/10/2021 01:00,23743,L16_ApeldoornDr_road_and_paths_s144,in,25,10,0,3,0,1,0,4,,in
21/10/2021 00:00,21/10/2021 01:00,23743,L16_ApeldoornDr_road_and_paths_s144,out,16,18,2,1,0,0,0,6,,
22/10/2021 00:00,22/10/2021 01:00,23743,L16_ApeldoornDr_road_and_paths_s144,in,144,17,2,2,0,1,0,10,,in
22/10/2021 00:00,22/10/2021 01:00,23743,L16_ApeldoornDr_road_and_paths_s144,out,23,28,0,1,0,0,1,8,,
23/10/2021 00:00,23/10/2021 01:00,23743,L16_ApeldoornDr_road_and_paths_s144,in,60,16,1,2,0,0,0,5,,in
23/10/2021 00:00,23/10/2021 01:00,23743,L16_ApeldoornDr_road_and_paths_s144,out,34,20,1,2,0,0,0,3,,
24/10/2021 00:00,24/10/2021 01:00,23743,L16_ApeldoornDr_road_and_paths_s144,in,66,20,1,0,0,3,0,6,,in
24/10/2021 00:00,24/10/2021 01:00,23743,L16_ApeldoornDr_road_and_paths_s144,out,25,27,0,3,0,1,0,3,,
25/10/2021 00:00,25/10/2021 01:00,23743,L16_ApeldoornDr_road_and_paths_s144,in,32,18,2,1,0,2,0,8,,in
25/10/2021 00:00,25/10/2021 01:00,23743,L16_ApeldoornDr_road_and_paths_s144,out,28,21,0,0,0,1,0,12,,
26/10/2021 00:00,26/10/2021 01:00,23743,L16_ApeldoornDr_road_and_paths_s144,in,32,10,1,1,0,0,0,5,,out
26/10/2021 00:00,26/10/2021 01:00,23743,L16_ApeldoornDr_road_and_paths_s144,out,32,12,1,1,0,0,0,6,,
27/10/2021 00:00,27/10/2021 01:00,23743,L16_ApeldoornDr_road_and_paths_s144,in,63,9,1,2,0,0,0,8,,in
27/10/2021 00:00,27/10/2021 01:00,23743,L16_ApeldoornDr_road_and_paths_s144,out,28,24,1,2,0,0,0,13,,
28/10/2021 00:00,28/10/2021 01:00,23743,L16_ApeldoornDr_road_and_paths_s144,in,27,22,1,1,0,0,0,2,,out
28/10/2021 00:00,28/10/2021 01:00,23743,L16_ApeldoornDr_road_and_paths_s144,out,28,24,1,1,0,0,0,6,,
29/10/2021 00:00,29/10/2021 01:00,23743,L16_ApeldoornDr_road_and_paths_s144,in,35,13,3,1,0,0,0,5,,in
29/10/2021 00:00,29/10/2021 01:00,23743,L16_ApeldoornDr_road_and_paths_s144,out,31,14,1,1,0,0,0,9,,
30/10/2021 00:00,30/10/2021 01:00,23743,L16_ApeldoornDr_road_and_paths_s144,in,67,18,7,2,0,0,0,6,,in
30/10/2021 00:00,30/10/2021 01:00,23743,L16_ApeldoornDr_road_and_paths_s144,out,32,10,0,2,0,0,0,3,,
31/10/2021 00:00,31/10/2021 01:00,23743,L16_ApeldoornDr_road_and_paths_s144,in,40,11,6,8,0,0,0,3,,in
31/10/2021 00:00,31/10/2021 01:00,23743,L16_ApeldoornDr_road_and_paths_s144,out,26,21,0,1,0,0,0,4,,
01/11/2021 00:00,01/11/2021 00:00,23743,L16_ApeldoornDr_road_and_paths_s144,in,28,15,3,0,0,3,0,7,,in
01/11/2021 00:00,01/11/2021 00:00,23743,L16_ApeldoornDr_road_and_paths_s144,out,25,22,2,1,0,1,0,13,,
02/11/2021 00:00,02/11/2021 00:00,23743,L16_ApeldoornDr_road_and_paths_s144,in,27,13,1,1,0,0,0,6,,in
02/11/2021 00:00,02/11/2021 00:00,23743,L16_ApeldoornDr_road_and_paths_s144,out,25,20,1,1,0,0,0,11,,
03/11/2021 00:00,03/11/2021 00:00,23743,L16_ApeldoornDr_road_and_paths_s144,in,25,33,3,1,0,0,0,16,,in
03/11/2021 00:00,03/11/2021 00:00,23743,L16_ApeldoornDr_road_and_paths_s144,out,24,29,4,1,0,1,0,11,,
04/11/2021 00:00,04/11/2021 00:00,23743,L16_ApeldoornDr_road_and_paths_s144,in,47,10,0,1,0,0,0,5,,in
04/11/2021 00:00,04/11/2021 00:00,23743,L16_ApeldoornDr_road_and_paths_s144,out,30,11,0,1,0,0,0,8,,
05/11/2021 00:00,05/11/2021 00:00,23743,L16_ApeldoornDr_road_and_paths_s144,in,32,12,8,1,0,0,0,5,,in
05/11/2021 00:00,05/11/2021 00:00,23743,L16_ApeldoornDr_road_and_paths_s144,out,30,16,6,1,0,0,0,8,,
06/11/2021 00:00,06/11/2021 00:00,23743,L16_ApeldoornDr_road_and_paths_s144,in,71,9,0,1,0,0,0,2,,in
06/11/2021 00:00,06/11/2021 00:00,23743,L16_ApeldoornDr_road_and_paths_s144,out,25,14,0,1,0,1,0,3,,
07/11/2021 00:00,07/11/2021 00:00,23743,L16_ApeldoornDr_road_and_paths_s144,in,130,12,0,2,0,0,0,10,,in
07/11/2021 00:00,07/11/2021 00:00,23743,L16_ApeldoornDr_road_and_paths_s144,out,25,14,1,1,0,0,0,4,,
08/11/2021 00:00,08/11/2021 00:00,23743,L16_ApeldoornDr_road_and_paths_s144,in,41,27,5,1,0,3,0,5,,in
08/11/2021 00:00,08/11/2021 00:00,23743,L16_ApeldoornDr_road_and_paths_s144,out,27,21,2,1,0,1,0,11,,
09/11/2021 00:00,09/11/2021 00:00,23743,L16_ApeldoornDr_road_and_paths_s144,in,28,8,2,1,0,1,0,7,,in
09/11/2021 00:00,09/11/2021 00:00,23743,L16_ApeldoornDr_road_and_paths_s144,out,23,16,2,1,0,0,0,12,,
10/11/2021 00:00,10/11/2021 00:00,23743,L16_ApeldoornDr_road_and_paths_s144,in,40,24,11,3,2,4,0,33,,in
10/11/2021 00:00,10/11/2021 00:00,23743,L16_ApeldoornDr_road_and_paths_s144,out,37,21,1,2,0,2,0,13,,
11/11/2021 00:00,11/11/2021 00:00,23743,L16_ApeldoornDr_road_and_paths_s144,in,27,13,2,1,0,0,0,5,,in
11/11/2021 00:00,11/11/2021 00:00,23743,L16_ApeldoornDr_road_and_paths_s144,out,22,11,2,1,0,0,0,5,,
12/11/2021 00:00,12/11/2021 00:00,23743,L16_ApeldoornDr_road_and_paths_s144,in,31,18,2,1,0,2,0,6,,in
12/11/2021 00:00,12/11/2021 00:00,23743,L16_ApeldoornDr_road_and_paths_s144,out,27,16,3,1,0,3,0,6,,
13/11/2021 00:00,13/11/2021 00:00,23743,L16_ApeldoornDr_road_and_paths_s144,in,31,8,0,7,0,0,0,5,,in
13/11/2021 00:00,13/11/2021 00:00,23743,L16_ApeldoornDr_road_and_paths_s144,out,28,22,0,4,0,0,0,6,,
14/11/2021 00:00,14/11/2021 00:00,23743,L16_ApeldoornDr_road_and_paths_s144,in,21,11,1,5,0,0,0,5,,out
14/11/2021 00:00,14/11/2021 00:00,23743,L16_ApeldoornDr_road_and_paths_s144,out,21,13,1,0,0,2,0,15,,
15/11/2021 00:00,15/11/2021 00:00,23743,L16_ApeldoornDr_road_and_paths_s144,in,27,19,2,1,0,4,0,8,,in
15/11/2021 00:00,15/11/2021 00:00,23743,L16_ApeldoornDr_road_and_paths_s144,out,26,25,0,1,0,3,0,11,,
16/11/2021 00:00,16/11/2021 00:00,23743,L16_ApeldoornDr_road_and_paths_s144,in,27,9,2,3,0,0,0,4,,out
16/11/2021 00:00,16/11/2021 00:00,23743,L16_ApeldoornDr_road_and_paths_s144,out,29,14,0,1,0,0,0,6,,
17/11/2021 00:00,17/11/2021 00:00,23743,L16_ApeldoornDr_road_and_paths_s144,in,31,12,11,0,0,0,0,3,,in
17/11/2021 00:00,17/11/2021 00:00,23743,L16_ApeldoornDr_road_and_paths_s144,out,29,16,0,1,0,0,0,8,,
18/11/2021 00:00,18/11/2021 00:00,23743,L16_ApeldoornDr_road_and_paths_s144,in,27,9,3,1,0,0,0,8,,out
18/11/2021 00:00,18/11/2021 00:00,23743,L16_ApeldoornDr_road_and_paths_s144,out,27,12,0,1,0,1,0,10,,
19/11/2021 00:00,19/11/2021 00:00,23743,L16_ApeldoornDr_road_and_paths_s144,in,34,10,0,1,0,0,0,9,,out
19/11/2021 00:00,19/11/2021 00:00,23743,L16_ApeldoornDr_road_and_paths_s144,out,37,18,0,1,0,0,0,10,,
20/11/2021 00:00,20/11/2021 00:00,23743,L16_ApeldoornDr_road_and_paths_s144,in,42,25,1,1,0,0,0,2,,in
20/11/2021 00:00,20/11/2021 00:00,23743,L16_ApeldoornDr_road_and_paths_s144,out,28,34,1,1,0,0,0,5,,
21/11/2021 00:00,21/11/2021 00:00,23743,L16_ApeldoornDr_road_and_paths_s144,in,75,10,1,1,0,0,0,4,,in
21/11/2021 00:00,21/11/2021 00:00,23743,L16_ApeldoornDr_road_and_paths_s144,out,25,17,0,1,0,0,0,3,,
22/11/2021 00:00,22/11/2021 00:00,23743,L16_ApeldoornDr_road_and_paths_s144,in,19,11,3,1,0,2,0,7,,out
22/11/2021 00:00,22/11/2021 00:00,23743,L16_ApeldoornDr_road_and_paths_s144,out,20,12,0,1,0,2,0,11,,
23/11/2021 00:00,23/11/2021 00:00,23743,L16_ApeldoornDr_road_and_paths_s144,in,20,9,14,0,0,0,0,3,,out
23/11/2021 00:00,23/11/2021 00:00,23743,L16_ApeldoornDr_road_and_paths_s144,out,23,11,4,1,0,0,0,3,,
24/11/2021 00:00,24/11/2021 00:00,23743,L16_ApeldoornDr_road_and_paths_s144,in,33,13,3,1,0,0,0,9,,in
24/11/2021 00:00,24/11/2021 00:00,23743,L16_ApeldoornDr_road_and_paths_s144,out,23,19,1,0,0,0,0,13,,
25/11/2021 00:00,25/11/2021 00:00,23743,L16_ApeldoornDr_road_and_paths_s144,in,28,13,1,3,0,4,0,7,,in
25/11/2021 00:00,25/11/2021 00:00,23743,L16_ApeldoornDr_road_and_paths_s144,out,20,12,7,5,0,0,0,8,,
26/11/2021 00:00,26/11/2021 00:00,23743,L16_ApeldoornDr_road_and_paths_s144,in,41,12,2,1,0,0,0,10,,in
26/11/2021 00:00,26/11/2021 00:00,23743,L16_ApeldoornDr_road_and_paths_s144,out,32,16,1,1,0,0,0,9,,
27/11/2021 00:00,27/11/2021 00:00,23743,L16_ApeldoornDr_road_and_paths_s144,in,91,9,1,3,0,0,0,12,,in
27/11/2021 00:00,27/11/2021 00:00,23743,L16_ApeldoornDr_road_and_paths_s144,out,28,18,0,1,0,0,0,7,,
28/11/2021 00:00,28/11/2021 00:00,23743,L16_ApeldoornDr_road_and_paths_s144,in,43,10,2,3,0,0,0,5,,in
28/11/2021 00:00,28/11/2021 00:00,23743,L16_ApeldoornDr_road_and_paths_s144,out,26,14,3,1,0,0,0,4,,
29/11/2021 00:00,29/11/2021 00:00,23743,L16_ApeldoornDr_road_and_paths_s144,in,32,7,2,2,0,3,0,5,,in
29/11/2021 00:00,29/11/2021 00:00,23743,L16_ApeldoornDr_road_and_paths_s144,out,26,21,2,1,0,3,0,8,,
30/11/2021 00:00,30/11/2021 00:00,23743,L16_ApeldoornDr_road_and_paths_s144,in,35,21,2,1,0,1,0,4,,in
30/11/2021 00:00,30/11/2021 00:00,23743,L16_ApeldoornDr_road_and_paths_s144,out,29,21,1,1,0,1,0,6,,
01/12/2021 00:00,01/12/2021 00:00,23743,L16_ApeldoornDr_road_and_paths_s144,in,37,19,1,2,0,0,0,13,,in
01/12/2021 00:00,01/12/2021 00:00,23743,L16_ApeldoornDr_road_and_paths_s144,out,29,16,1,2,0,1,0,12,,
02/12/2021 00:00,02/12/2021 00:00,23743,L16_ApeldoornDr_road_and_paths_s144,in,35,12,5,0,0,0,0,11,,out
02/12/2021 00:00,02/12/2021 00:00,23743,L16_ApeldoornDr_road_and_paths_s144,out,36,10,0,1,0,0,0,9,,
03/12/2021 00:00,03/12/2021 00:00,23743,L16_ApeldoornDr_road_and_paths_s144,in,34,10,0,4,0,1,0,7,,in
03/12/2021 00:00,03/12/2021 00:00,23743,L16_ApeldoornDr_road_and_paths_s144,out,31,8,1,1,0,0,0,12,,
04/12/2021 00:00,04/12/2021 00:00,23743,L16_ApeldoornDr_road_and_paths_s144,in,42,18,1,1,0,0,0,5,,in
04/12/2021 00:00,04/12/2021 00:00,23743,L16_ApeldoornDr_road_and_paths_s144,out,40,13,0,1,0,0,0,3,,
05/12/2021 00:00,05/12/2021 00:00,23743,L16_ApeldoornDr_road_and_paths_s144,in,46,19,0,2,0,0,0,5,,in
05/12/2021 00:00,05/12/2021 00:00,23743,L16_ApeldoornDr_road_and_paths_s144,out,24,22,1,1,0,0,0,5,,
06/12/2021 00:00,06/12/2021 00:00,23743,L16_ApeldoornDr_road_and_paths_s144,in,12,10,2,1,0,2,0,5,,in
06/12/2021 00:00,06/12/2021 00:00,23743,L16_ApeldoornDr_road_and_paths_s144,out,5,11,1,0,0,1,0,8,,
07/12/2021 00:00,07/12/2021 00:00,23743,L16_ApeldoornDr_road_and_paths_s144,in,27,8,0,1,0,2,0,4,,out
07/12/2021 00:00,07/12/2021 00:00,23743,L16_ApeldoornDr_road_and_paths_s144,out,48,9,2,0,0,1,0,9,,
08/12/2021 00:00,08/12/2021 00:00,23743,L16_ApeldoornDr_road_and_paths_s144,in,35,22,4,1,0,2,0,4,,out
08/12/2021 00:00,08/12/2021 00:00,23743,L16_ApeldoornDr_road_and_paths_s144,out,35,12,0,1,0,1,0,5,,
09/12/2021 00:00,09/12/2021 00:00,23743,L16_ApeldoornDr_road_and_paths_s144,in,11,12,2,1,0,0,0,2,,out
09/12/2021 00:00,09/12/2021 00:00,23743,L16_ApeldoornDr_road_and_paths_s144,out,16,24,2,0,0,1,0,7,,
,,,,,,,,,,,,,,
,,,average IN,,38,15,2,2,0,1,0,6,,
,,,average OUT,,23,19,1,2,0,0,0,6,,
,,,,,,,,,,,,,,
,,,Total IN more than OUT,,,,,,,,,,,117
,,,Total OUT more than IN ,,,,,,,,,,,20
